record_id,evidence_category,experiment_id,timestamp_utc,namespace,workload,kind,fault,pod_delete_mode,affected_replicas,duration_seconds,litmus_verdict,final_state,replacement_created_to_ready_s,client_outage_s,outage_pattern,client_failed,client_connection_errors,client_timeouts,client_http_errors,k8s_sampled_min_available,prefault_baseline_outage_s_300s,documented_score_v3,documented_score_v2,documented_score_v1,documented_score_version_unstated,values_derivation,code_before_commit,source
LIT-9d95d794,real_api_run_partial_record,9d95d794-179d-43bf-8a24-c0f5481dfb4d,2026-10-06T10:51:16Z,resilience-sandbox,fragile,Deployment,pod-delete,GRACEFUL,1,30,Pass,,0,,,0,0,0,0,1.0,,,,,100.0,post-hoc telemetry + Litmus objects + docs,9b6613e,kubectl get chaosengine/chaosresult -n resilience-sandbox; Prometheus raw samples (post hoc); chaos/policies/safety-policy.md ('Without a warm-up')
LIT-e89d2585,real_api_run_partial_record,e89d2585-bf62-4fda-9066-3049b24be39a,2026-10-06T10:52:48Z,resilience-sandbox,fragile,Deployment,pod-delete,FORCE,1,30,Pass,,1,,,0,0,0,0,1.0,,,,,100.0,post-hoc telemetry + Litmus objects + docs,9b6613e,kubectl get chaosengine/chaosresult -n resilience-sandbox; Prometheus raw samples (post hoc); chaos/policies/safety-policy.md ('Without a warm-up')
LIT-d406ca22,real_api_run_partial_record,d406ca22-e116-4733-8af0-f4a736c6e966,2026-10-06T10:58:45Z,resilience-sandbox,fragile,Deployment,pod-delete,GRACEFUL,1,30,Pass,,11,,,19,13,6,0,0.0,,,71.2,74.7,,post-hoc telemetry + Litmus objects + docs,a0482fa,"kubectl get chaosengine/chaosresult -n resilience-sandbox; Prometheus raw samples (post hoc); chaos/policies/safety-policy.md ('With the modelled 10 s warm-up', GRACEFUL column)"
LIT-4a44f687,real_api_run_partial_record,4a44f687-f60d-4696-93f4-8c9bf1a9344d,2026-10-06T11:05:22Z,resilience-sandbox,fragile,Deployment,pod-delete,FORCE,1,30,Pass,,10,,,22,14,8,0,1.0,,,80.5,100.0,,post-hoc telemetry + Litmus objects + docs,a0482fa,"kubectl get chaosengine/chaosresult -n resilience-sandbox; Prometheus raw samples (post hoc); chaos/policies/safety-policy.md ('With the modelled 10 s warm-up', FORCE column)"
LIT-66d86b9a,real_api_run_partial_record,66d86b9a-9a7f-46aa-84db-e48d6e3c537c,2026-10-06T11:19:30Z,resilience-sandbox,fragile,Deployment,pod-delete,GRACEFUL,1,30,Pass,,11,8.358,CONTINUOUS,20,13,7,0,0.0,0.0,80.4,67.2,74.7,,post-hoc telemetry + Litmus objects + docs,e1b6923,"kubectl get chaosengine/chaosresult -n resilience-sandbox; Prometheus raw samples (post hoc); docs/scoring/resilience-score-v3.md ('Real runs', GRACEFUL column)"
LIT-7ea2e0f7,real_api_run_partial_record,7ea2e0f7-eade-4d46-8734-d4a35e86b947,2026-10-06T11:26:07Z,resilience-sandbox,fragile,Deployment,pod-delete,FORCE,1,30,Pass,,10,10.479,CONTINUOUS,23,15,8,0,1.0,0.0,76.8,79.2,100.0,,post-hoc telemetry + Litmus objects + docs,e1b6923,"kubectl get chaosengine/chaosresult -n resilience-sandbox; Prometheus raw samples (post hoc); docs/scoring/resilience-score-v3.md ('Real runs', FORCE column)"
TEL-fragile-113926,real_disruption_unattributed,,2026-10-06T11:39:26.000Z,resilience-sandbox,fragile,Deployment,pod deletion (inferred; consistent with pod-delete),,,,,,10,7.239,CONTINUOUS,18,12,6,0,0.0,0.0,,,,,post-hoc telemetry,29d493d,Prometheus raw samples (post hoc)
TEL-fragile-114632,real_disruption_unattributed,,2026-10-06T11:46:32.000Z,resilience-sandbox,fragile,Deployment,pod deletion (inferred; consistent with pod-delete),,,,,,10,8.359,CONTINUOUS,20,13,7,0,0.0,0.0,,,,,post-hoc telemetry,29d493d,Prometheus raw samples (post hoc)
TEL-fragile-114824,real_disruption_unattributed,,2026-10-06T11:48:24.000Z,resilience-sandbox,fragile,Deployment,pod deletion (inferred; consistent with pod-delete),,,,,,11,8.457,CONTINUOUS,21,14,7,0,0.0,8.359,,,,,post-hoc telemetry,29d493d,Prometheus raw samples (post hoc)
TEL-fragile-120438,real_disruption_unattributed,,2026-10-06T12:04:38.000Z,resilience-sandbox,fragile,Deployment,pod deletion (inferred; consistent with pod-delete),,,,,,11,8.372,CONTINUOUS,20,13,7,0,0.0,0.0,,,,,post-hoc telemetry,b544e08,Prometheus raw samples (post hoc)
TEL-checkout-121906,real_disruption_unattributed,,2026-10-06T12:19:06.000Z,shop,checkout,Deployment,pod deletion (inferred; consistent with pod-delete),,,,,,1,0.0,NONE,0,0,0,0,2.0,0.0,,,,,post-hoc telemetry,30628f0,Prometheus raw samples (post hoc)
TEL-fragile-124207,real_disruption_unattributed,,2026-10-06T12:42:07.000Z,resilience-sandbox,fragile,Deployment,pod deletion (inferred; consistent with pod-delete),,,,,,11,8.359,CONTINUOUS,20,13,7,0,1.0,0.0,,,,,post-hoc telemetry,1306d68,Prometheus raw samples (post hoc)
TEL-fragile-124428,real_disruption_unattributed,,2026-10-06T12:44:28.000Z,resilience-sandbox,fragile,Deployment,pod deletion (inferred; consistent with pod-delete),,,,,,10,8.243,CONTINUOUS,19,13,6,0,0.0,8.359,,,,,post-hoc telemetry,1306d68,Prometheus raw samples (post hoc)
TEL-fragile-124605,real_disruption_unattributed,,2026-10-06T12:46:05.000Z,resilience-sandbox,fragile,Deployment,pod deletion (inferred; consistent with pod-delete),,,,,,10,7.353,CONTINUOUS,19,13,6,0,1.0,16.602,,,,,post-hoc telemetry,1306d68,Prometheus raw samples (post hoc)
TEL-fragile-150501,real_disruption_unattributed,,2026-10-06T15:05:01.000Z,resilience-sandbox,fragile,Deployment,pod deletion (inferred; consistent with pod-delete),,,,,,10,8.346,CONTINUOUS,20,13,7,0,0.0,0.0,,,,,post-hoc telemetry,45e0014,Prometheus raw samples (post hoc)
TEL-checkout-150501,real_disruption_unattributed,,2026-10-06T15:05:01.000Z,shop,checkout,Deployment,pod deletion (inferred; consistent with pod-delete),,,,,,1,0.0,NONE,0,0,0,0,2.0,0.0,,,,,post-hoc telemetry,45e0014,Prometheus raw samples (post hoc)
TEL-fragile-150641,real_disruption_unattributed,,2026-10-06T15:06:41.000Z,resilience-sandbox,fragile,Deployment,pod deletion (inferred; consistent with pod-delete),,,,,,11,10.565,CONTINUOUS,24,15,9,0,1.0,8.346,,,,,post-hoc telemetry,45e0014,Prometheus raw samples (post hoc)
TEL-fragile-150812,real_disruption_unattributed,,2026-10-06T15:08:12.000Z,resilience-sandbox,fragile,Deployment,pod deletion (inferred; consistent with pod-delete),,,,,,10,7.359,CONTINUOUS,19,13,6,0,1.0,18.911,,,,,post-hoc telemetry,45e0014,Prometheus raw samples (post hoc)
TEL-fragile-151243,real_disruption_unattributed,,2026-10-06T15:12:43.000Z,resilience-sandbox,fragile,Deployment,pod deletion (inferred; consistent with pod-delete),,,,,,10,7.257,CONTINUOUS,18,12,6,0,1.0,7.359,,,,,post-hoc telemetry,45e0014,Prometheus raw samples (post hoc)
TEL-fragile-151643,real_disruption_unattributed,,2026-10-06T15:16:43.000Z,resilience-sandbox,fragile,Deployment,pod deletion (inferred; consistent with pod-delete),,,,,,11,9.356,CONTINUOUS,21,14,7,0,1.0,7.257,,,,,post-hoc telemetry,45e0014,Prometheus raw samples (post hoc)
TEL-fragile-153906,real_disruption_unattributed,,2026-10-06T15:39:06.000Z,resilience-sandbox,fragile,Deployment,pod deletion (inferred; consistent with pod-delete),,,,,,11,8.353,CONTINUOUS,20,13,7,0,0.0,0.0,,,,,post-hoc telemetry,74d064c,Prometheus raw samples (post hoc)
TEL-checkout-153911,real_disruption_unattributed,,2026-10-06T15:39:11.000Z,shop,checkout,Deployment,pod deletion (inferred; consistent with pod-delete),,,,,,1,0.0,NONE,0,0,0,0,2.0,0.0,,,,,post-hoc telemetry,74d064c,Prometheus raw samples (post hoc)
DOC-v1-checkout,real_api_run_documented_only,,,shop,checkout,Deployment,pod-delete,GRACEFUL (inferred),,30,Pass,,,,,,,,,,,,,100.0,,committed doc only,,docs/scoring/resilience-score-v1.md ('Worked example (real run...)')
DOC-v2-checkout-graceful,real_api_run_documented_only,,,shop,checkout,Deployment,pod-delete,GRACEFUL,,30,,,,,,,,,,,,,100.0,100.0,,committed doc only,,docs/scoring/resilience-score-v2.md ('Observed on kind' and 'Graceful vs forced deletion')
DOC-v2-checkout-force,real_api_run_documented_only,,,shop,checkout,Deployment,pod-delete,FORCE,,30,,,,,,,,,,,,,100.0,,,committed doc only,,docs/scoring/resilience-score-v2.md ('Graceful vs forced deletion')
DOC-orch-auto,real_api_run_documented_only,,,resilience-sandbox,fragile,Deployment,pod-delete,,,,,COMPLETED,,,,,,,,,,85.8,,,,committed doc only,,docs/orchestration.md ('Verified on kind')
DOC-orch-restart,real_api_run_documented_only,,,resilience-sandbox,fragile,Deployment,pod-delete,,,,,COMPLETED,,,,,,,,,,,,,,committed doc only,,docs/orchestration.md ('Verified on kind')
DOC-orch-abort,real_api_run_documented_only,,,resilience-sandbox,fragile,Deployment,pod-delete,,,,,ABORTED,,,,,,,,,,,,,,committed doc only,,docs/orchestration.md ('Verified on kind')
